Formation_Set,formation_id,personnel_group_id,set_art,description
Trio Right,1,1,https://collegefootball.gg/wp-content/plugins/playbook/playbook_images_ncaa-25/formations/flexbone_trio-right.jpg,
Close,1,1,https://collegefootball.gg/wp-content/plugins/playbook/playbook_images_ncaa-25/formations/flexbone_close.jpg,
Empty Trips,2,1,https://collegefootball.gg/wp-content/plugins/playbook/playbook_images_ncaa-25/formations/pistol_empty-trips.jpg,
Normal,1,1,https://collegefootball.gg/wp-content/plugins/playbook/playbook_images_ncaa-25/formations/flexbone_normal.jpg,
Tight,1,1,https://collegefootball.gg/wp-content/plugins/playbook/playbook_images_ncaa-25/formations/flexbone_tight.jpg,
Doubles,3,1,https://collegefootball.gg/wp-content/plugins/playbook/playbook_images_ncaa-25/formations/shotgun_doubles.jpg,
East,1,1,https://collegefootball.gg/wp-content/plugins/playbook/playbook_images_ncaa-25/formations/flexbone_east.jpg,
Normal,4,1,https://collegefootball.gg/wp-content/plugins/playbook/playbook_images_ncaa-25/formations/goal-line-offense_normal.jpg,
Spread Offset,3,1,https://collegefootball.gg/wp-content/plugins/playbook/playbook_images_ncaa-25/formations/shotgun_spread-offset.jpg,
Empty Tight-Stack,2,1,https://collegefootball.gg/wp-content/plugins/playbook/playbook_images_ncaa-25/formations/pistol_empty-tight-stack.jpg,
Empty Y-Tight,2,1,https://collegefootball.gg/wp-content/plugins/playbook/playbook_images_ncaa-25/formations/pistol_empty-y-tight.jpg,
Split Tight,3,1,https://collegefootball.gg/wp-content/plugins/playbook/playbook_images_ncaa-25/formations/shotgun_split-tight.jpg,
Strong,5,1,https://collegefootball.gg/wp-content/plugins/playbook/playbook_images_ncaa-25/formations/power-i_strong.jpg,
U Off,1,1,https://collegefootball.gg/wp-content/plugins/playbook/playbook_images_ncaa-25/formations/flexbone_u-off.jpg,
Heavy,6,1,https://collegefootball.gg/wp-content/plugins/playbook/playbook_images_ncaa-25/formations/maryland-i_heavy.jpg,
Split Y-Offset,3,1,https://collegefootball.gg/wp-content/plugins/playbook/playbook_images_ncaa-25/formations/shotgun_split-y-offset.jpg,
Ace,3,1,https://collegefootball.gg/wp-content/plugins/playbook/playbook_images_ncaa-25/formations/shotgun_ace.jpg,
Empty Base,3,1,https://collegefootball.gg/wp-content/plugins/playbook/playbook_images_ncaa-25/formations/shotgun_empty-base.jpg,
Y Off-Trips-Wk,3,1,https://collegefootball.gg/wp-content/plugins/playbook/playbook_images_ncaa-25/formations/shotgun_y-off-trips-wk.jpg,
Normal Y-Off-Wk,3,1,https://collegefootball.gg/wp-content/plugins/playbook/playbook_images_ncaa-25/formations/shotgun_normal-y-off-wk.jpg,
U Off-Trips,3,1,https://collegefootball.gg/wp-content/plugins/playbook/playbook_images_ncaa-25/formations/shotgun_u-off-trips.jpg,
U Off-Trips-Wk,3,1,https://collegefootball.gg/wp-content/plugins/playbook/playbook_images_ncaa-25/formations/shotgun_u-off-trips-wk.jpg,
Trips Te,3,1,https://collegefootball.gg/wp-content/plugins/playbook/playbook_images_ncaa-25/formations/shotgun_trips-te.jpg,
Trio Hb-Wk,3,1,https://collegefootball.gg/wp-content/plugins/playbook/playbook_images_ncaa-25/formations/shotgun_trio-hb-wk.jpg,
Normal Y-Off-Close,3,1,https://collegefootball.gg/wp-content/plugins/playbook/playbook_images_ncaa-25/formations/shotgun_normal-y-off-close.jpg,
Wing Slot-Wk,3,1,https://collegefootball.gg/wp-content/plugins/playbook/playbook_images_ncaa-25/formations/shotgun_wing-slot-wk.jpg,
Tight Y-Off,3,1,https://collegefootball.gg/wp-content/plugins/playbook/playbook_images_ncaa-25/formations/shotgun_tight-y-off.jpg,
Y Off-Trips,3,1,https://collegefootball.gg/wp-content/plugins/playbook/playbook_images_ncaa-25/formations/shotgun_y-off-trips.jpg,
Spread Flex,3,1,https://collegefootball.gg/wp-content/plugins/playbook/playbook_images_ncaa-25/formations/shotgun_spread-flex.jpg,
Trips X-Nasty,3,1,https://collegefootball.gg/wp-content/plugins/playbook/playbook_images_ncaa-25/formations/shotgun_trips-x-nasty.jpg,
Trips,3,1,https://collegefootball.gg/wp-content/plugins/playbook/playbook_images_ncaa-25/formations/shotgun_trips.jpg,
Bunch Open-Offset,3,1,https://collegefootball.gg/wp-content/plugins/playbook/playbook_images_ncaa-25/formations/shotgun_bunch-open-offset.jpg,
Unbalanced,7,1,https://collegefootball.gg/wp-content/plugins/playbook/playbook_images_ncaa-25/formations/wildcat_unbalanced.jpg,
Empty Trey-Stack,3,1,https://collegefootball.gg/wp-content/plugins/playbook/playbook_images_ncaa-25/formations/shotgun_empty-trey-stack.jpg,
Spread Y-Slot-Wk,3,1,https://collegefootball.gg/wp-content/plugins/playbook/playbook_images_ncaa-25/formations/shotgun_spread-y-slot-wk.jpg,
Trips Hb-Wk,3,1,https://collegefootball.gg/wp-content/plugins/playbook/playbook_images_ncaa-25/formations/shotgun_trips-hb-wk.jpg,
Wing Flex-Close,2,1,https://collegefootball.gg/wp-content/plugins/playbook/playbook_images_ncaa-25/formations/pistol_wing-flex-close.jpg,
Split Twins-Offset,3,1,https://collegefootball.gg/wp-content/plugins/playbook/playbook_images_ncaa-25/formations/shotgun_split-twins-offset.jpg,
Bunch Te,3,1,https://collegefootball.gg/wp-content/plugins/playbook/playbook_images_ncaa-25/formations/shotgun_bunch-te.jpg,
Wing Trips-Wk,3,1,https://collegefootball.gg/wp-content/plugins/playbook/playbook_images_ncaa-25/formations/shotgun_wing-trips-wk.jpg,
Normal Y-Off,3,1,https://collegefootball.gg/wp-content/plugins/playbook/playbook_images_ncaa-25/formations/shotgun_normal-y-off.jpg,
Trips Y-Over,3,1,https://collegefootball.gg/wp-content/plugins/playbook/playbook_images_ncaa-25/formations/shotgun_trips-y-over.jpg,
Tight Y-Off-Flex,8,1,https://collegefootball.gg/wp-content/plugins/playbook/playbook_images_ncaa-25/formations/singleback_tight-y-off-flex.jpg,
Normal Flex-Snug,3,1,https://collegefootball.gg/wp-content/plugins/playbook/playbook_images_ncaa-25/formations/shotgun_normal-flex-snug.jpg,
F Twins-Over,3,1,https://collegefootball.gg/wp-content/plugins/playbook/playbook_images_ncaa-25/formations/shotgun_f-twins-over.jpg,
Spread Y-Slot,3,1,https://collegefootball.gg/wp-content/plugins/playbook/playbook_images_ncaa-25/formations/shotgun_spread-y-slot.jpg,
Empty Base-Trio,3,1,https://collegefootball.gg/wp-content/plugins/playbook/playbook_images_ncaa-25/formations/shotgun_empty-base-trio.jpg,
Bunch Quads-Offset,3,1,https://collegefootball.gg/wp-content/plugins/playbook/playbook_images_ncaa-25/formations/shotgun_bunch-quads-offset.jpg,
Slot Right-Wk-Over,3,1,https://collegefootball.gg/wp-content/plugins/playbook/playbook_images_ncaa-25/formations/shotgun_slot-right-wk-over.jpg,
Doubles Y-Off,2,1,https://collegefootball.gg/wp-content/plugins/playbook/playbook_images_ncaa-25/formations/pistol_doubles-y-off.jpg,
Y Off-Trips,2,1,https://collegefootball.gg/wp-content/plugins/playbook/playbook_images_ncaa-25/formations/pistol_y-off-trips.jpg,
Deuce,2,1,https://collegefootball.gg/wp-content/plugins/playbook/playbook_images_ncaa-25/formations/pistol_deuce.jpg,
Wing,2,1,https://collegefootball.gg/wp-content/plugins/playbook/playbook_images_ncaa-25/formations/pistol_wing.jpg,
Bunch Wide,3,1,https://collegefootball.gg/wp-content/plugins/playbook/playbook_images_ncaa-25/formations/shotgun_bunch-wide.jpg,
Full House-Te,2,1,https://collegefootball.gg/wp-content/plugins/playbook/playbook_images_ncaa-25/formations/pistol_full-house-te.jpg,
Weak Slot-Open,2,1,https://collegefootball.gg/wp-content/plugins/playbook/playbook_images_ncaa-25/formations/pistol_weak-slot-open.jpg,
Spread Y-Flex,3,1,https://collegefootball.gg/wp-content/plugins/playbook/playbook_images_ncaa-25/formations/shotgun_spread-y-flex.jpg,
Double Stack,3,1,https://collegefootball.gg/wp-content/plugins/playbook/playbook_images_ncaa-25/formations/shotgun_double-stack.jpg,
Strong Slot-Open,2,1,https://collegefootball.gg/wp-content/plugins/playbook/playbook_images_ncaa-25/formations/pistol_strong-slot-open.jpg,
Wing Tight-Z,8,1,https://collegefootball.gg/wp-content/plugins/playbook/playbook_images_ncaa-25/formations/singleback_wing-tight-z.jpg,
Y Trips-Offset-Wk,3,1,https://collegefootball.gg/wp-content/plugins/playbook/playbook_images_ncaa-25/formations/shotgun_y-trips-offset-wk.jpg,
Wide Bunch,3,1,https://collegefootball.gg/wp-content/plugins/playbook/playbook_images_ncaa-25/formations/shotgun_wide-bunch.jpg,
Empty Base-Flex,3,1,https://collegefootball.gg/wp-content/plugins/playbook/playbook_images_ncaa-25/formations/shotgun_empty-base-flex.jpg,
Empty Bunch-Wide,3,1,https://collegefootball.gg/wp-content/plugins/playbook/playbook_images_ncaa-25/formations/shotgun_empty-bunch-wide.jpg,
Wing Tight-Z,3,1,https://collegefootball.gg/wp-content/plugins/playbook/playbook_images_ncaa-25/formations/shotgun_wing-tight-z.jpg,
Wide,3,1,https://collegefootball.gg/wp-content/plugins/playbook/playbook_images_ncaa-25/formations/shotgun_wide.jpg,
Wide Slot-Left,3,1,https://collegefootball.gg/wp-content/plugins/playbook/playbook_images_ncaa-25/formations/shotgun_wide-slot-left.jpg,
Wing Slot,8,1,https://collegefootball.gg/wp-content/plugins/playbook/playbook_images_ncaa-25/formations/singleback_wing-slot.jpg,
Wide Slot-Right,3,1,https://collegefootball.gg/wp-content/plugins/playbook/playbook_images_ncaa-25/formations/shotgun_wide-slot-right.jpg,
Doubles Z-Close,3,1,https://collegefootball.gg/wp-content/plugins/playbook/playbook_images_ncaa-25/formations/shotgun_doubles-z-close.jpg,
Doubles Y-Off,3,1,https://collegefootball.gg/wp-content/plugins/playbook/playbook_images_ncaa-25/formations/shotgun_doubles-y-off.jpg,
Deuce Close,8,1,https://collegefootball.gg/wp-content/plugins/playbook/playbook_images_ncaa-25/formations/singleback_deuce-close.jpg,
Wing Flex-Close,8,1,https://collegefootball.gg/wp-content/plugins/playbook/playbook_images_ncaa-25/formations/singleback_wing-flex-close.jpg,
Trey Open-Hb-Str,3,1,https://collegefootball.gg/wp-content/plugins/playbook/playbook_images_ncaa-25/formations/shotgun_trey-open-hb-str.jpg,
Wide Trips,3,1,https://collegefootball.gg/wp-content/plugins/playbook/playbook_images_ncaa-25/formations/shotgun_wide-trips.jpg,
Wide Stack,3,1,https://collegefootball.gg/wp-content/plugins/playbook/playbook_images_ncaa-25/formations/shotgun_wide-stack.jpg,
Doubles Y-Off-Wk,3,1,https://collegefootball.gg/wp-content/plugins/playbook/playbook_images_ncaa-25/formations/shotgun_doubles-y-off-wk.jpg,
Trio 4Wr-Str,3,1,https://collegefootball.gg/wp-content/plugins/playbook/playbook_images_ncaa-25/formations/shotgun_trio-4wr-str.jpg,
Bunch Open,3,1,https://collegefootball.gg/wp-content/plugins/playbook/playbook_images_ncaa-25/formations/shotgun_bunch-open.jpg,
Wing Flex-Offset,3,1,https://collegefootball.gg/wp-content/plugins/playbook/playbook_images_ncaa-25/formations/shotgun_wing-flex-offset.jpg,
Doubles Flex,3,1,https://collegefootball.gg/wp-content/plugins/playbook/playbook_images_ncaa-25/formations/shotgun_doubles-flex.jpg,
Trio Offset-Wk,3,1,https://collegefootball.gg/wp-content/plugins/playbook/playbook_images_ncaa-25/formations/shotgun_trio-offset-wk.jpg,
Bunch,2,1,https://collegefootball.gg/wp-content/plugins/playbook/playbook_images_ncaa-25/formations/pistol_bunch.jpg,
Tight Open,3,1,https://collegefootball.gg/wp-content/plugins/playbook/playbook_images_ncaa-25/formations/shotgun_tight-open.jpg,
Deuce Close,3,1,https://collegefootball.gg/wp-content/plugins/playbook/playbook_images_ncaa-25/formations/shotgun_deuce-close.jpg,
Ace,2,1,https://collegefootball.gg/wp-content/plugins/playbook/playbook_images_ncaa-25/formations/pistol_ace.jpg,
Tight,9,1,https://collegefootball.gg/wp-content/plugins/playbook/playbook_images_ncaa-25/formations/i-form_tight.jpg,
Spread Dbl-Flex,3,1,https://collegefootball.gg/wp-content/plugins/playbook/playbook_images_ncaa-25/formations/shotgun_spread-dbl-flex.jpg,
Jumbo Z-Wk,7,1,https://collegefootball.gg/wp-content/plugins/playbook/playbook_images_ncaa-25/formations/wildcat_jumbo-z-wk.jpg,
U Off-Trips,7,1,https://collegefootball.gg/wp-content/plugins/playbook/playbook_images_ncaa-25/formations/wildcat_u-off-trips.jpg,
Flex Y-Off,3,1,https://collegefootball.gg/wp-content/plugins/playbook/playbook_images_ncaa-25/formations/shotgun_flex-y-off.jpg,
Split Slot-Offset,3,1,https://collegefootball.gg/wp-content/plugins/playbook/playbook_images_ncaa-25/formations/shotgun_split-slot-offset.jpg,
5Wr,3,1,https://collegefootball.gg/wp-content/plugins/playbook/playbook_images_ncaa-25/formations/shotgun_5wr.jpg,
Ace Offset,3,1,https://collegefootball.gg/wp-content/plugins/playbook/playbook_images_ncaa-25/formations/shotgun_ace-offset.jpg,
Trips Offset,3,1,https://collegefootball.gg/wp-content/plugins/playbook/playbook_images_ncaa-25/formations/shotgun_trips-offset.jpg,
U Off-Trips,2,1,https://collegefootball.gg/wp-content/plugins/playbook/playbook_images_ncaa-25/formations/pistol_u-off-trips.jpg,
Stack Y-Off-Wk,3,1,https://collegefootball.gg/wp-content/plugins/playbook/playbook_images_ncaa-25/formations/shotgun_stack-y-off-wk.jpg,
Y Off-Trio-Wk,3,1,https://collegefootball.gg/wp-content/plugins/playbook/playbook_images_ncaa-25/formations/shotgun_y-off-trio-wk.jpg,
Deuce Twins-Over,3,1,https://collegefootball.gg/wp-content/plugins/playbook/playbook_images_ncaa-25/formations/shotgun_deuce-twins-over.jpg,
Deuce,3,1,https://collegefootball.gg/wp-content/plugins/playbook/playbook_images_ncaa-25/formations/shotgun_deuce.jpg,
Wing,3,1,https://collegefootball.gg/wp-content/plugins/playbook/playbook_images_ncaa-25/formations/shotgun_wing.jpg,
Wing Tight,8,1,https://collegefootball.gg/wp-content/plugins/playbook/playbook_images_ncaa-25/formations/singleback_wing-tight.jpg,
Wing Hb-Wk-Close,3,1,https://collegefootball.gg/wp-content/plugins/playbook/playbook_images_ncaa-25/formations/shotgun_wing-hb-wk-close.jpg,
Slot Left-Wk,3,1,https://collegefootball.gg/wp-content/plugins/playbook/playbook_images_ncaa-25/formations/shotgun_slot-left-wk.jpg,
Train,2,1,https://collegefootball.gg/wp-content/plugins/playbook/playbook_images_ncaa-25/formations/pistol_train.jpg,
Open Flex,2,1,https://collegefootball.gg/wp-content/plugins/playbook/playbook_images_ncaa-25/formations/pistol_open-flex.jpg,
Full House,2,1,https://collegefootball.gg/wp-content/plugins/playbook/playbook_images_ncaa-25/formations/pistol_full-house.jpg,
Strong,2,1,https://collegefootball.gg/wp-content/plugins/playbook/playbook_images_ncaa-25/formations/pistol_strong.jpg,
Slot Right,3,1,https://collegefootball.gg/wp-content/plugins/playbook/playbook_images_ncaa-25/formations/shotgun_slot-right.jpg,
Split Offset,3,1,https://collegefootball.gg/wp-content/plugins/playbook/playbook_images_ncaa-25/formations/shotgun_split-offset.jpg,
Slot Right-Wk,3,1,https://collegefootball.gg/wp-content/plugins/playbook/playbook_images_ncaa-25/formations/shotgun_slot-right-wk.jpg,
Slot Left-Stack,3,1,https://collegefootball.gg/wp-content/plugins/playbook/playbook_images_ncaa-25/formations/shotgun_slot-left-stack.jpg,
Stack Y-Off,3,1,https://collegefootball.gg/wp-content/plugins/playbook/playbook_images_ncaa-25/formations/shotgun_stack-y-off.jpg,
Y Off-Trio,8,1,https://collegefootball.gg/wp-content/plugins/playbook/playbook_images_ncaa-25/formations/singleback_y-off-trio.jpg,
Wing Slot-Offset,3,1,https://collegefootball.gg/wp-content/plugins/playbook/playbook_images_ncaa-25/formations/shotgun_wing-slot-offset.jpg,
U Off,2,1,https://collegefootball.gg/wp-content/plugins/playbook/playbook_images_ncaa-25/formations/pistol_u-off.jpg,
Trips Te-Offset,3,1,https://collegefootball.gg/wp-content/plugins/playbook/playbook_images_ncaa-25/formations/shotgun_trips-te-offset.jpg,
Doubles,2,1,https://collegefootball.gg/wp-content/plugins/playbook/playbook_images_ncaa-25/formations/pistol_doubles.jpg,
Trey Open,3,1,https://collegefootball.gg/wp-content/plugins/playbook/playbook_images_ncaa-25/formations/shotgun_trey-open.jpg,
Empty Bunch-Open,3,1,https://collegefootball.gg/wp-content/plugins/playbook/playbook_images_ncaa-25/formations/shotgun_empty-bunch-open.jpg,
Trey Offset,3,1,https://collegefootball.gg/wp-content/plugins/playbook/playbook_images_ncaa-25/formations/shotgun_trey-offset.jpg,
Wing Close,2,1,https://collegefootball.gg/wp-content/plugins/playbook/playbook_images_ncaa-25/formations/pistol_wing-close.jpg,
Wing Stack-Wk,3,1,https://collegefootball.gg/wp-content/plugins/playbook/playbook_images_ncaa-25/formations/shotgun_wing-stack-wk.jpg,
U Off-Trips,8,1,https://collegefootball.gg/wp-content/plugins/playbook/playbook_images_ncaa-25/formations/singleback_u-off-trips.jpg,
Tight,10,1,https://collegefootball.gg/wp-content/plugins/playbook/playbook_images_ncaa-25/formations/full-house_tight.jpg,
Y Trips-Wk,3,1,https://collegefootball.gg/wp-content/plugins/playbook/playbook_images_ncaa-25/formations/shotgun_y-trips-wk.jpg,
Slot Left,3,1,https://collegefootball.gg/wp-content/plugins/playbook/playbook_images_ncaa-25/formations/shotgun_slot-left.jpg,
Bunch Y-Flex,3,1,https://collegefootball.gg/wp-content/plugins/playbook/playbook_images_ncaa-25/formations/shotgun_bunch-y-flex.jpg,
Spread Dbl-Flex-Wk,3,1,https://collegefootball.gg/wp-content/plugins/playbook/playbook_images_ncaa-25/formations/shotgun_spread-dbl-flex-wk.jpg,
Ace Double-Wing,8,1,https://collegefootball.gg/wp-content/plugins/playbook/playbook_images_ncaa-25/formations/singleback_ace-double-wing.jpg,
Split Y-Off,3,1,https://collegefootball.gg/wp-content/plugins/playbook/playbook_images_ncaa-25/formations/shotgun_split-y-off.jpg,
Doubles Flex-Wk,3,1,https://collegefootball.gg/wp-content/plugins/playbook/playbook_images_ncaa-25/formations/shotgun_doubles-flex-wk.jpg,
Stack Hb-Wk,3,1,https://collegefootball.gg/wp-content/plugins/playbook/playbook_images_ncaa-25/formations/shotgun_stack-hb-wk.jpg,
Trips Te-Offset-Wk,3,1,https://collegefootball.gg/wp-content/plugins/playbook/playbook_images_ncaa-25/formations/shotgun_trips-te-offset-wk.jpg,
Tight Slot-Open,3,1,https://collegefootball.gg/wp-content/plugins/playbook/playbook_images_ncaa-25/formations/shotgun_tight-slot-open.jpg,
Bunch Open-Te,3,1,https://collegefootball.gg/wp-content/plugins/playbook/playbook_images_ncaa-25/formations/shotgun_bunch-open-te.jpg,
Doubles Y-Off,8,1,https://collegefootball.gg/wp-content/plugins/playbook/playbook_images_ncaa-25/formations/singleback_doubles-y-off.jpg,
Trey Open-Offset,3,1,https://collegefootball.gg/wp-content/plugins/playbook/playbook_images_ncaa-25/formations/shotgun_trey-open-offset.jpg,
Trey,3,1,https://collegefootball.gg/wp-content/plugins/playbook/playbook_images_ncaa-25/formations/shotgun_trey.jpg,
Empty Y-Flex,3,1,https://collegefootball.gg/wp-content/plugins/playbook/playbook_images_ncaa-25/formations/shotgun_empty-y-flex.jpg,
Y Trips,3,1,https://collegefootball.gg/wp-content/plugins/playbook/playbook_images_ncaa-25/formations/shotgun_y-trips.jpg,
Jumbo,11,1,https://collegefootball.gg/wp-content/plugins/playbook/playbook_images_ncaa-25/formations/strong-i_jumbo.jpg,
Y Trio-Offset-Wk,3,1,https://collegefootball.gg/wp-content/plugins/playbook/playbook_images_ncaa-25/formations/shotgun_y-trio-offset-wk.jpg,
Empty Trey-Flex,3,1,https://collegefootball.gg/wp-content/plugins/playbook/playbook_images_ncaa-25/formations/shotgun_empty-trey-flex.jpg,
U Off,8,1,https://collegefootball.gg/wp-content/plugins/playbook/playbook_images_ncaa-25/formations/singleback_u-off.jpg,
Trio Y-Flex,3,1,https://collegefootball.gg/wp-content/plugins/playbook/playbook_images_ncaa-25/formations/shotgun_trio-y-flex.jpg,
Wing Slot,2,1,https://collegefootball.gg/wp-content/plugins/playbook/playbook_images_ncaa-25/formations/pistol_wing-slot.jpg,
Tight Y-Off-Flex,2,1,https://collegefootball.gg/wp-content/plugins/playbook/playbook_images_ncaa-25/formations/pistol_tight-y-off-flex.jpg,
Wing Stack,3,1,https://collegefootball.gg/wp-content/plugins/playbook/playbook_images_ncaa-25/formations/shotgun_wing-stack.jpg,
Deuce Close,2,1,https://collegefootball.gg/wp-content/plugins/playbook/playbook_images_ncaa-25/formations/pistol_deuce-close.jpg,
Doubles Z-Close-Wk,3,1,https://collegefootball.gg/wp-content/plugins/playbook/playbook_images_ncaa-25/formations/shotgun_doubles-z-close-wk.jpg,
Doubles Off-Close,3,1,https://collegefootball.gg/wp-content/plugins/playbook/playbook_images_ncaa-25/formations/shotgun_doubles-off-close.jpg,
Doubles Offset-Wk,3,1,https://collegefootball.gg/wp-content/plugins/playbook/playbook_images_ncaa-25/formations/shotgun_doubles-offset-wk.jpg,
Wing Hb-Wk,3,1,https://collegefootball.gg/wp-content/plugins/playbook/playbook_images_ncaa-25/formations/shotgun_wing-hb-wk.jpg,
Wing,8,1,https://collegefootball.gg/wp-content/plugins/playbook/playbook_images_ncaa-25/formations/singleback_wing.jpg,
Tight Doubles,3,1,https://collegefootball.gg/wp-content/plugins/playbook/playbook_images_ncaa-25/formations/shotgun_tight-doubles.jpg,
Bunch Quads-Open,3,1,https://collegefootball.gg/wp-content/plugins/playbook/playbook_images_ncaa-25/formations/shotgun_bunch-quads-open.jpg,
Ace Slot,2,1,https://collegefootball.gg/wp-content/plugins/playbook/playbook_images_ncaa-25/formations/pistol_ace-slot.jpg,
Spread,3,1,https://collegefootball.gg/wp-content/plugins/playbook/playbook_images_ncaa-25/formations/shotgun_spread.jpg,
Tight,12,1,https://collegefootball.gg/wp-content/plugins/playbook/playbook_images_ncaa-25/formations/split-t_tight.jpg,
Wing Trips,3,1,https://collegefootball.gg/wp-content/plugins/playbook/playbook_images_ncaa-25/formations/shotgun_wing-trips.jpg,
Split Slot-Open,3,1,https://collegefootball.gg/wp-content/plugins/playbook/playbook_images_ncaa-25/formations/shotgun_split-slot-open.jpg,
Trips Open,2,1,https://collegefootball.gg/wp-content/plugins/playbook/playbook_images_ncaa-25/formations/pistol_trips-open.jpg,
Y Trips,2,1,https://collegefootball.gg/wp-content/plugins/playbook/playbook_images_ncaa-25/formations/pistol_y-trips.jpg,
Spread Y-Flex-Wk,3,1,https://collegefootball.gg/wp-content/plugins/playbook/playbook_images_ncaa-25/formations/shotgun_spread-y-flex-wk.jpg,
Tight Slot-Flip,3,1,https://collegefootball.gg/wp-content/plugins/playbook/playbook_images_ncaa-25/formations/shotgun_tight-slot-flip.jpg,
Empty Quads,3,1,https://collegefootball.gg/wp-content/plugins/playbook/playbook_images_ncaa-25/formations/shotgun_empty-quads.jpg,
Doubles Off-Close-Wk,3,1,https://collegefootball.gg/wp-content/plugins/playbook/playbook_images_ncaa-25/formations/shotgun_doubles-off-close-wk.jpg,
Spread,2,1,https://collegefootball.gg/wp-content/plugins/playbook/playbook_images_ncaa-25/formations/pistol_spread.jpg,
Trips Left-Open,2,1,https://collegefootball.gg/wp-content/plugins/playbook/playbook_images_ncaa-25/formations/pistol_trips-left-open.jpg,
Spread,8,1,https://collegefootball.gg/wp-content/plugins/playbook/playbook_images_ncaa-25/formations/singleback_spread.jpg,
Trey Y-Flex,3,1,https://collegefootball.gg/wp-content/plugins/playbook/playbook_images_ncaa-25/formations/shotgun_trey-y-flex.jpg,
Pro,9,1,https://collegefootball.gg/wp-content/plugins/playbook/playbook_images_ncaa-25/formations/i-form_pro.jpg,
Trey Y-Flex-Str,3,1,https://collegefootball.gg/wp-content/plugins/playbook/playbook_images_ncaa-25/formations/shotgun_trey-y-flex-str.jpg,
Tight Slots,3,1,https://collegefootball.gg/wp-content/plugins/playbook/playbook_images_ncaa-25/formations/shotgun_tight-slots.jpg,
Stack Y-Flex,3,1,https://collegefootball.gg/wp-content/plugins/playbook/playbook_images_ncaa-25/formations/shotgun_stack-y-flex.jpg,
Doubles Offset,3,1,https://collegefootball.gg/wp-content/plugins/playbook/playbook_images_ncaa-25/formations/shotgun_doubles-offset.jpg,
Wing Tight,3,1,https://collegefootball.gg/wp-content/plugins/playbook/playbook_images_ncaa-25/formations/shotgun_wing-tight.jpg,
Strong Slot,2,1,https://collegefootball.gg/wp-content/plugins/playbook/playbook_images_ncaa-25/formations/pistol_strong-slot.jpg,
Split Twins,3,1,https://collegefootball.gg/wp-content/plugins/playbook/playbook_images_ncaa-25/formations/shotgun_split-twins.jpg,
Weak Slot,2,1,https://collegefootball.gg/wp-content/plugins/playbook/playbook_images_ncaa-25/formations/pistol_weak-slot.jpg,
Trey 4Wr,3,1,https://collegefootball.gg/wp-content/plugins/playbook/playbook_images_ncaa-25/formations/shotgun_trey-4wr.jpg,
Wide Offset,3,1,https://collegefootball.gg/wp-content/plugins/playbook/playbook_images_ncaa-25/formations/shotgun_wide-offset.jpg,
Wide Slot-Left-Wk,3,1,https://collegefootball.gg/wp-content/plugins/playbook/playbook_images_ncaa-25/formations/shotgun_wide-slot-left-wk.jpg,
Wide Slot-Right-Wk,3,1,https://collegefootball.gg/wp-content/plugins/playbook/playbook_images_ncaa-25/formations/shotgun_wide-slot-right-wk.jpg,
Wide 5Wr,3,1,https://collegefootball.gg/wp-content/plugins/playbook/playbook_images_ncaa-25/formations/shotgun_wide-5wr.jpg,
Wide Doubles-Wk,3,1,https://collegefootball.gg/wp-content/plugins/playbook/playbook_images_ncaa-25/formations/shotgun_wide-doubles-wk.jpg,
Wide Y-Trips-Wk,3,1,https://collegefootball.gg/wp-content/plugins/playbook/playbook_images_ncaa-25/formations/shotgun_wide-y-trips-wk.jpg,
Normal Off-Close-Wk,3,1,https://collegefootball.gg/wp-content/plugins/playbook/playbook_images_ncaa-25/formations/shotgun_normal-off-close-wk.jpg,
Bunch,3,1,https://collegefootball.gg/wp-content/plugins/playbook/playbook_images_ncaa-25/formations/shotgun_bunch.jpg,
Bunch Ace,8,1,https://collegefootball.gg/wp-content/plugins/playbook/playbook_images_ncaa-25/formations/singleback_bunch-ace.jpg,
Cluster Hb-Str,3,1,https://collegefootball.gg/wp-content/plugins/playbook/playbook_images_ncaa-25/formations/shotgun_cluster-hb-str.jpg,
Trips Y-Iso,3,1,https://collegefootball.gg/wp-content/plugins/playbook/playbook_images_ncaa-25/formations/shotgun_trips-y-iso.jpg,
Ace Slot-Offset,3,1,https://collegefootball.gg/wp-content/plugins/playbook/playbook_images_ncaa-25/formations/shotgun_ace-slot-offset.jpg,
Close,13,1,https://collegefootball.gg/wp-content/plugins/playbook/playbook_images_ncaa-25/formations/weak-i_close.jpg,
Tight,5,1,https://collegefootball.gg/wp-content/plugins/playbook/playbook_images_ncaa-25/formations/power-i_tight.jpg,
Empty Chips,3,1,https://collegefootball.gg/wp-content/plugins/playbook/playbook_images_ncaa-25/formations/shotgun_empty-chips.jpg,
Empty Quads-Trio,3,1,https://collegefootball.gg/wp-content/plugins/playbook/playbook_images_ncaa-25/formations/shotgun_empty-quads-trio.jpg,
Trips Slots-Close,3,1,https://collegefootball.gg/wp-content/plugins/playbook/playbook_images_ncaa-25/formations/shotgun_trips-slots-close.jpg,
5Wr Trips,3,1,https://collegefootball.gg/wp-content/plugins/playbook/playbook_images_ncaa-25/formations/shotgun_5wr-trips.jpg,
Flanker Close,3,1,https://collegefootball.gg/wp-content/plugins/playbook/playbook_images_ncaa-25/formations/shotgun_flanker-close.jpg,
Spread Slots-Close,3,1,https://collegefootball.gg/wp-content/plugins/playbook/playbook_images_ncaa-25/formations/shotgun_spread-slots-close.jpg,
Ace,8,1,https://collegefootball.gg/wp-content/plugins/playbook/playbook_images_ncaa-25/formations/singleback_ace.jpg,
Wing,9,1,https://collegefootball.gg/wp-content/plugins/playbook/playbook_images_ncaa-25/formations/i-form_wing.jpg,
Wing Pair,8,1,https://collegefootball.gg/wp-content/plugins/playbook/playbook_images_ncaa-25/formations/singleback_wing-pair.jpg,
Ace Slot,8,1,https://collegefootball.gg/wp-content/plugins/playbook/playbook_images_ncaa-25/formations/singleback_ace-slot.jpg,
Wing Over,9,1,https://collegefootball.gg/wp-content/plugins/playbook/playbook_images_ncaa-25/formations/i-form_wing-over.jpg,
Ace Slot,3,1,https://collegefootball.gg/wp-content/plugins/playbook/playbook_images_ncaa-25/formations/shotgun_ace-slot.jpg,
Wing Flex-Offset-Wk,3,1,https://collegefootball.gg/wp-content/plugins/playbook/playbook_images_ncaa-25/formations/shotgun_wing-flex-offset-wk.jpg,
Y Trips-Offset,3,1,https://collegefootball.gg/wp-content/plugins/playbook/playbook_images_ncaa-25/formations/shotgun_y-trips-offset.jpg,
Jumbo Trio,7,1,https://collegefootball.gg/wp-content/plugins/playbook/playbook_images_ncaa-25/formations/wildcat_jumbo-trio.jpg,
Close,9,1,https://collegefootball.gg/wp-content/plugins/playbook/playbook_images_ncaa-25/formations/i-form_close.jpg,
Flex Y-Off-Wk,3,1,https://collegefootball.gg/wp-content/plugins/playbook/playbook_images_ncaa-25/formations/shotgun_flex-y-off-wk.jpg,
Wing Slot-Over,3,1,https://collegefootball.gg/wp-content/plugins/playbook/playbook_images_ncaa-25/formations/shotgun_wing-slot-over.jpg,
Twins Over,11,1,https://collegefootball.gg/wp-content/plugins/playbook/playbook_images_ncaa-25/formations/strong-i_twins-over.jpg,
Doubles Hb-Wk,3,1,https://collegefootball.gg/wp-content/plugins/playbook/playbook_images_ncaa-25/formations/shotgun_doubles-hb-wk.jpg,
Strong I-Wing,2,1,https://collegefootball.gg/wp-content/plugins/playbook/playbook_images_ncaa-25/formations/pistol_strong-i-wing.jpg,
Trips,2,1,https://collegefootball.gg/wp-content/plugins/playbook/playbook_images_ncaa-25/formations/pistol_trips.jpg,
Weak Y-Off-Close,2,1,https://collegefootball.gg/wp-content/plugins/playbook/playbook_images_ncaa-25/formations/pistol_weak-y-off-close.jpg,
Strong Y-Off-Close,2,1,https://collegefootball.gg/wp-content/plugins/playbook/playbook_images_ncaa-25/formations/pistol_strong-y-off-close.jpg,
Wing Tight-Z,2,1,https://collegefootball.gg/wp-content/plugins/playbook/playbook_images_ncaa-25/formations/pistol_wing-tight-z.jpg,
Y Off-Trips-Nasty,3,1,https://collegefootball.gg/wp-content/plugins/playbook/playbook_images_ncaa-25/formations/shotgun_y-off-trips-nasty.jpg,
Ace Close,8,1,https://collegefootball.gg/wp-content/plugins/playbook/playbook_images_ncaa-25/formations/singleback_ace-close.jpg,
Doubles North,8,1,https://collegefootball.gg/wp-content/plugins/playbook/playbook_images_ncaa-25/formations/singleback_doubles-north.jpg,
Tight Slots,8,1,https://collegefootball.gg/wp-content/plugins/playbook/playbook_images_ncaa-25/formations/singleback_tight-slots.jpg,
Slot F-Wing,3,1,https://collegefootball.gg/wp-content/plugins/playbook/playbook_images_ncaa-25/formations/shotgun_slot-f-wing.jpg,
Split,3,1,https://collegefootball.gg/wp-content/plugins/playbook/playbook_images_ncaa-25/formations/shotgun_split.jpg,
Split Pro-Far,3,1,https://collegefootball.gg/wp-content/plugins/playbook/playbook_images_ncaa-25/formations/shotgun_split-pro-far.jpg,
Y Trips,8,1,https://collegefootball.gg/wp-content/plugins/playbook/playbook_images_ncaa-25/formations/singleback_y-trips.jpg,
Bunch X-Nasty,8,1,https://collegefootball.gg/wp-content/plugins/playbook/playbook_images_ncaa-25/formations/singleback_bunch-x-nasty.jpg,
Trips Y-Slot-Str,3,1,https://collegefootball.gg/wp-content/plugins/playbook/playbook_images_ncaa-25/formations/shotgun_trips-y-slot-str.jpg,
5Wr Flex-Trey,3,1,https://collegefootball.gg/wp-content/plugins/playbook/playbook_images_ncaa-25/formations/shotgun_5wr-flex-trey.jpg,
Flex Y-Off-Close,3,1,https://collegefootball.gg/wp-content/plugins/playbook/playbook_images_ncaa-25/formations/shotgun_flex-y-off-close.jpg,
Bunch Str-Offset,3,1,https://collegefootball.gg/wp-content/plugins/playbook/playbook_images_ncaa-25/formations/shotgun_bunch-str-offset.jpg,
East X-Over,3,1,https://collegefootball.gg/wp-content/plugins/playbook/playbook_images_ncaa-25/formations/shotgun_east-x-over.jpg,
Bunch X-Nasty,3,1,https://collegefootball.gg/wp-content/plugins/playbook/playbook_images_ncaa-25/formations/shotgun_bunch-x-nasty.jpg,
Wing Pair,3,1,https://collegefootball.gg/wp-content/plugins/playbook/playbook_images_ncaa-25/formations/shotgun_wing-pair.jpg,
Pro,11,1,https://collegefootball.gg/wp-content/plugins/playbook/playbook_images_ncaa-25/formations/strong-i_pro.jpg,
Wing Tight-U,8,1,https://collegefootball.gg/wp-content/plugins/playbook/playbook_images_ncaa-25/formations/singleback_wing-tight-u.jpg,
Deuce,8,1,https://collegefootball.gg/wp-content/plugins/playbook/playbook_images_ncaa-25/formations/singleback_deuce.jpg,
Doubles Flex-Hip,2,1,https://collegefootball.gg/wp-content/plugins/playbook/playbook_images_ncaa-25/formations/pistol_doubles-flex-hip.jpg,
Slot,9,1,https://collegefootball.gg/wp-content/plugins/playbook/playbook_images_ncaa-25/formations/i-form_slot.jpg,
Doubles Flex,8,1,https://collegefootball.gg/wp-content/plugins/playbook/playbook_images_ncaa-25/formations/singleback_doubles-flex.jpg,
Wing Flex,8,1,https://collegefootball.gg/wp-content/plugins/playbook/playbook_images_ncaa-25/formations/singleback_wing-flex.jpg,
Full Diamond,2,1,https://collegefootball.gg/wp-content/plugins/playbook/playbook_images_ncaa-25/formations/pistol_full-diamond.jpg,
Wing Tight-Nasty,3,1,https://collegefootball.gg/wp-content/plugins/playbook/playbook_images_ncaa-25/formations/shotgun_wing-tight-nasty.jpg,
U Off-Close,8,1,https://collegefootball.gg/wp-content/plugins/playbook/playbook_images_ncaa-25/formations/singleback_u-off-close.jpg,
Tight Flex,8,1,https://collegefootball.gg/wp-content/plugins/playbook/playbook_images_ncaa-25/formations/singleback_tight-flex.jpg,
Bunch X-Nasty,2,1,https://collegefootball.gg/wp-content/plugins/playbook/playbook_images_ncaa-25/formations/pistol_bunch-x-nasty.jpg,
5Wr Trio,3,1,https://collegefootball.gg/wp-content/plugins/playbook/playbook_images_ncaa-25/formations/shotgun_5wr-trio.jpg,
Tight,14,1,https://collegefootball.gg/wp-content/plugins/playbook/playbook_images_ncaa-25/formations/wishbone_tight.jpg,
Tight Y-Off,8,1,https://collegefootball.gg/wp-content/plugins/playbook/playbook_images_ncaa-25/formations/singleback_tight-y-off.jpg,
Flexbone Trips,2,1,https://collegefootball.gg/wp-content/plugins/playbook/playbook_images_ncaa-25/formations/pistol_flexbone-trips.jpg,
Flexbone Slot,2,1,https://collegefootball.gg/wp-content/plugins/playbook/playbook_images_ncaa-25/formations/pistol_flexbone-slot.jpg,
Split Pro-Near,3,1,https://collegefootball.gg/wp-content/plugins/playbook/playbook_images_ncaa-25/formations/shotgun_split-pro-near.jpg,
Wing Close,8,1,https://collegefootball.gg/wp-content/plugins/playbook/playbook_images_ncaa-25/formations/singleback_wing-close.jpg,
U Off-Trio,8,1,https://collegefootball.gg/wp-content/plugins/playbook/playbook_images_ncaa-25/formations/singleback_u-off-trio.jpg,
Split Twins-Stack,3,1,https://collegefootball.gg/wp-content/plugins/playbook/playbook_images_ncaa-25/formations/shotgun_split-twins-stack.jpg,
Full House-Close,2,1,https://collegefootball.gg/wp-content/plugins/playbook/playbook_images_ncaa-25/formations/pistol_full-house-close.jpg,
Trio,3,1,https://collegefootball.gg/wp-content/plugins/playbook/playbook_images_ncaa-25/formations/shotgun_trio.jpg,
Full House-Tight,2,1,https://collegefootball.gg/wp-content/plugins/playbook/playbook_images_ncaa-25/formations/pistol_full-house-tight.jpg,
Open Flex,3,1,https://collegefootball.gg/wp-content/plugins/playbook/playbook_images_ncaa-25/formations/shotgun_open-flex.jpg,
Box Offset-Wk,3,1,https://collegefootball.gg/wp-content/plugins/playbook/playbook_images_ncaa-25/formations/shotgun_box-offset-wk.jpg,
Tackle Over,3,1,https://collegefootball.gg/wp-content/plugins/playbook/playbook_images_ncaa-25/formations/shotgun_tackle-over.jpg,
Tackle Over-Cluster,3,1,https://collegefootball.gg/wp-content/plugins/playbook/playbook_images_ncaa-25/formations/shotgun_tackle-over-cluster.jpg,
Tackle Over-Trips,3,1,https://collegefootball.gg/wp-content/plugins/playbook/playbook_images_ncaa-25/formations/shotgun_tackle-over-trips.jpg,
Bunch Te,8,1,https://collegefootball.gg/wp-content/plugins/playbook/playbook_images_ncaa-25/formations/singleback_bunch-te.jpg,
Box Hb-Strong,3,1,https://collegefootball.gg/wp-content/plugins/playbook/playbook_images_ncaa-25/formations/shotgun_box-hb-strong.jpg,
Bunch Hb-Str,3,1,https://collegefootball.gg/wp-content/plugins/playbook/playbook_images_ncaa-25/formations/shotgun_bunch-hb-str.jpg,
Tight Slots-Hb-Wk,3,1,https://collegefootball.gg/wp-content/plugins/playbook/playbook_images_ncaa-25/formations/shotgun_tight-slots-hb-wk.jpg,
Tight,3,1,https://collegefootball.gg/wp-content/plugins/playbook/playbook_images_ncaa-25/formations/shotgun_tight.jpg,
Bunch,8,1,https://collegefootball.gg/wp-content/plugins/playbook/playbook_images_ncaa-25/formations/singleback_bunch.jpg,
Empty Trey,3,1,https://collegefootball.gg/wp-content/plugins/playbook/playbook_images_ncaa-25/formations/shotgun_empty-trey.jpg,
5Wr Trey,3,1,https://collegefootball.gg/wp-content/plugins/playbook/playbook_images_ncaa-25/formations/shotgun_5wr-trey.jpg,
Trips Open,8,1,https://collegefootball.gg/wp-content/plugins/playbook/playbook_images_ncaa-25/formations/singleback_trips-open.jpg,
Trips Y-Flex,3,1,https://collegefootball.gg/wp-content/plugins/playbook/playbook_images_ncaa-25/formations/shotgun_trips-y-flex.jpg,
Y Off,11,1,https://collegefootball.gg/wp-content/plugins/playbook/playbook_images_ncaa-25/formations/strong-i_y-off.jpg,
Trio Offset,3,1,https://collegefootball.gg/wp-content/plugins/playbook/playbook_images_ncaa-25/formations/shotgun_trio-offset.jpg,
Heavy,4,1,https://collegefootball.gg/wp-content/plugins/playbook/playbook_images_ncaa-25/formations/goal-line-offense_heavy.jpg,
Split Wing-Nasty,3,1,https://collegefootball.gg/wp-content/plugins/playbook/playbook_images_ncaa-25/formations/shotgun_split-wing-nasty.jpg,
Split Z-Plus,3,1,https://collegefootball.gg/wp-content/plugins/playbook/playbook_images_ncaa-25/formations/shotgun_split-z-plus.jpg,
Wing X-Off,3,1,https://collegefootball.gg/wp-content/plugins/playbook/playbook_images_ncaa-25/formations/shotgun_wing-x-off.jpg,
Tight Flex,3,1,https://collegefootball.gg/wp-content/plugins/playbook/playbook_images_ncaa-25/formations/shotgun_tight-flex.jpg,
Tight Slots,2,1,https://collegefootball.gg/wp-content/plugins/playbook/playbook_images_ncaa-25/formations/pistol_tight-slots.jpg,
Slot Flex,7,1,https://collegefootball.gg/wp-content/plugins/playbook/playbook_images_ncaa-25/formations/wildcat_slot-flex.jpg,
East,8,1,https://collegefootball.gg/wp-content/plugins/playbook/playbook_images_ncaa-25/formations/singleback_east.jpg,
Duo,3,1,https://collegefootball.gg/wp-content/plugins/playbook/playbook_images_ncaa-25/formations/shotgun_duo.jpg,
Duo Slot-Open,3,1,https://collegefootball.gg/wp-content/plugins/playbook/playbook_images_ncaa-25/formations/shotgun_duo-slot-open.jpg,
Duo Over,3,1,https://collegefootball.gg/wp-content/plugins/playbook/playbook_images_ncaa-25/formations/shotgun_duo-over.jpg,
Pro,15,1,https://collegefootball.gg/wp-content/plugins/playbook/playbook_images_ncaa-25/formations/split-backs_pro.jpg,
Duo Over-Wk,3,1,https://collegefootball.gg/wp-content/plugins/playbook/playbook_images_ncaa-25/formations/shotgun_duo-over-wk.jpg,
Flex Close,15,1,https://collegefootball.gg/wp-content/plugins/playbook/playbook_images_ncaa-25/formations/split-backs_flex-close.jpg,
Empty Quads-Hb,3,1,https://collegefootball.gg/wp-content/plugins/playbook/playbook_images_ncaa-25/formations/shotgun_empty-quads-hb.jpg,
Bunch Str-Wide,3,1,https://collegefootball.gg/wp-content/plugins/playbook/playbook_images_ncaa-25/formations/shotgun_bunch-str-wide.jpg,
Open Flex-Wk,3,1,https://collegefootball.gg/wp-content/plugins/playbook/playbook_images_ncaa-25/formations/shotgun_open-flex-wk.jpg,
Bunch Quads-Close,3,1,https://collegefootball.gg/wp-content/plugins/playbook/playbook_images_ncaa-25/formations/shotgun_bunch-quads-close.jpg,
Double Stack,2,1,https://collegefootball.gg/wp-content/plugins/playbook/playbook_images_ncaa-25/formations/pistol_double-stack.jpg,
Normal Flex-Wing-Wk,3,1,https://collegefootball.gg/wp-content/plugins/playbook/playbook_images_ncaa-25/formations/shotgun_normal-flex-wing-wk.jpg,
Split Y-Flex,3,1,https://collegefootball.gg/wp-content/plugins/playbook/playbook_images_ncaa-25/formations/shotgun_split-y-flex.jpg,
Split Trips,1,1,https://collegefootball.gg/wp-content/plugins/playbook/playbook_images_ncaa-25/formations/flexbone_split-trips.jpg,
Monster,3,1,https://collegefootball.gg/wp-content/plugins/playbook/playbook_images_ncaa-25/formations/shotgun_monster.jpg,
Bunch Quads,3,1,https://collegefootball.gg/wp-content/plugins/playbook/playbook_images_ncaa-25/formations/shotgun_bunch-quads.jpg,
Normal Flex-Wing,3,1,https://collegefootball.gg/wp-content/plugins/playbook/playbook_images_ncaa-25/formations/shotgun_normal-flex-wing.jpg,
Empty Y-Trey,3,1,https://collegefootball.gg/wp-content/plugins/playbook/playbook_images_ncaa-25/formations/shotgun_empty-y-trey.jpg,
Wing,11,1,https://collegefootball.gg/wp-content/plugins/playbook/playbook_images_ncaa-25/formations/strong-i_wing.jpg,
Empty Y-Slot,3,1,https://collegefootball.gg/wp-content/plugins/playbook/playbook_images_ncaa-25/formations/shotgun_empty-y-slot.jpg,
Double Wing,3,1,https://collegefootball.gg/wp-content/plugins/playbook/playbook_images_ncaa-25/formations/shotgun_double-wing.jpg,
Slot Flex,13,1,https://collegefootball.gg/wp-content/plugins/playbook/playbook_images_ncaa-25/formations/weak-i_slot-flex.jpg,
Doubles Y-Off-Close,8,1,https://collegefootball.gg/wp-content/plugins/playbook/playbook_images_ncaa-25/formations/singleback_doubles-y-off-close.jpg,
Trio Y-Over,3,1,https://collegefootball.gg/wp-content/plugins/playbook/playbook_images_ncaa-25/formations/shotgun_trio-y-over.jpg,
Normal Wing-Pats-Close,3,1,https://collegefootball.gg/wp-content/plugins/playbook/playbook_images_ncaa-25/formations/shotgun_normal-wing-pats-close.jpg,
Odd,16,2,https://collegefootball.gg/wp-content/plugins/playbook/playbook_images_ncaa-25/formations/3-4_odd.jpg,
3 3-Dbl-Mug,17,2,https://collegefootball.gg/wp-content/plugins/playbook/playbook_images_ncaa-25/formations/nickel_3-3-dbl-mug.jpg,
3 3-Odd,17,2,https://collegefootball.gg/wp-content/plugins/playbook/playbook_images_ncaa-25/formations/nickel_3-3-odd.jpg,
3 3-Will,17,2,https://collegefootball.gg/wp-content/plugins/playbook/playbook_images_ncaa-25/formations/nickel_3-3-will.jpg,
3 High-Odd,18,2,https://collegefootball.gg/wp-content/plugins/playbook/playbook_images_ncaa-25/formations/3-3-5_3-high-odd.jpg,
Stack,18,2,https://collegefootball.gg/wp-content/plugins/playbook/playbook_images_ncaa-25/formations/3-3-5_stack.jpg,
Rush,19,2,https://collegefootball.gg/wp-content/plugins/playbook/playbook_images_ncaa-25/formations/dime_rush.jpg,
3 2,20,2,https://collegefootball.gg/wp-content/plugins/playbook/playbook_images_ncaa-25/formations/dollar_3-2.jpg,
Sugar 3-2,20,2,https://collegefootball.gg/wp-content/plugins/playbook/playbook_images_ncaa-25/formations/dollar_sugar-3-2.jpg,
3 Deep,21,2,https://collegefootball.gg/wp-content/plugins/playbook/playbook_images_ncaa-25/formations/prevent_3-deep.jpg,
5 3,22,2,https://collegefootball.gg/wp-content/plugins/playbook/playbook_images_ncaa-25/formations/goal-line-defense_5-3.jpg,
6 2,22,2,https://collegefootball.gg/wp-content/plugins/playbook/playbook_images_ncaa-25/formations/goal-line-defense_6-2.jpg,
3 3,17,2,https://collegefootball.gg/wp-content/plugins/playbook/playbook_images_ncaa-25/formations/nickel_3-3.jpg,
Penny,18,2,https://collegefootball.gg/wp-content/plugins/playbook/playbook_images_ncaa-25/formations/3-3-5_penny.jpg,
Split,18,2,https://collegefootball.gg/wp-content/plugins/playbook/playbook_images_ncaa-25/formations/3-3-5_split.jpg,
Tite,18,2,https://collegefootball.gg/wp-content/plugins/playbook/playbook_images_ncaa-25/formations/3-3-5_tite.jpg,
2 3-6-Will,19,2,https://collegefootball.gg/wp-content/plugins/playbook/playbook_images_ncaa-25/formations/dime_2-3-6-will.jpg,
3 High,18,2,https://collegefootball.gg/wp-content/plugins/playbook/playbook_images_ncaa-25/formations/3-3-5_3-high.jpg,
Even,16,2,https://collegefootball.gg/wp-content/plugins/playbook/playbook_images_ncaa-25/formations/3-4_even.jpg,
Over Ed,16,2,https://collegefootball.gg/wp-content/plugins/playbook/playbook_images_ncaa-25/formations/3-4_over-ed.jpg,
Split,23,2,https://collegefootball.gg/wp-content/plugins/playbook/playbook_images_ncaa-25/formations/4-4_split.jpg,
Bear,16,2,https://collegefootball.gg/wp-content/plugins/playbook/playbook_images_ncaa-25/formations/3-4_bear.jpg,
Over,16,2,https://collegefootball.gg/wp-content/plugins/playbook/playbook_images_ncaa-25/formations/3-4_over.jpg,
Under,16,2,https://collegefootball.gg/wp-content/plugins/playbook/playbook_images_ncaa-25/formations/3-4_under.jpg,
Double Mug,17,2,https://collegefootball.gg/wp-content/plugins/playbook/playbook_images_ncaa-25/formations/nickel_double-mug.jpg,
Over,17,2,https://collegefootball.gg/wp-content/plugins/playbook/playbook_images_ncaa-25/formations/nickel_over.jpg,
Over G,24,2,https://collegefootball.gg/wp-content/plugins/playbook/playbook_images_ncaa-25/formations/4-2-5_over-g.jpg,
Under,24,2,https://collegefootball.gg/wp-content/plugins/playbook/playbook_images_ncaa-25/formations/4-2-5_under.jpg,
Bear,25,2,https://collegefootball.gg/wp-content/plugins/playbook/playbook_images_ncaa-25/formations/46_bear.jpg,
Even 6-1,26,2,https://collegefootball.gg/wp-content/plugins/playbook/playbook_images_ncaa-25/formations/4-3_even-6-1.jpg,
Odd,26,2,https://collegefootball.gg/wp-content/plugins/playbook/playbook_images_ncaa-25/formations/4-3_odd.jpg,
Over,26,2,https://collegefootball.gg/wp-content/plugins/playbook/playbook_images_ncaa-25/formations/4-3_over.jpg,
Normal,19,2,https://collegefootball.gg/wp-content/plugins/playbook/playbook_images_ncaa-25/formations/dime_normal.jpg,
Over Walk,26,2,https://collegefootball.gg/wp-content/plugins/playbook/playbook_images_ncaa-25/formations/4-3_over-walk.jpg,
Under,26,2,https://collegefootball.gg/wp-content/plugins/playbook/playbook_images_ncaa-25/formations/4-3_under.jpg,
Wide,17,2,https://collegefootball.gg/wp-content/plugins/playbook/playbook_images_ncaa-25/formations/nickel_wide.jpg,
Over Solid,26,2,https://collegefootball.gg/wp-content/plugins/playbook/playbook_images_ncaa-25/formations/4-3_over-solid.jpg,
Normal,27,2,https://collegefootball.gg/wp-content/plugins/playbook/playbook_images_ncaa-25/formations/5-2_normal.jpg,